"","Label","Test","Pred","Prob","Class"
"ACAT1","ACAT1",0,0,0.189112840979771,"NotCR"
"ADRA1A","ADRA1A",0,0,0.470231163661293,"NotCR"
"AGO4","AGO4",0,0,0.353638712392021,"NotCR"
"AKR1C2","AKR1C2",0,0,0.274548919362169,"NotCR"
"ALDH2","ALDH2",0,0,0.138221358327763,"NotCR"
"ALDH4A1","ALDH4A1",1,1,0.659302207379561,"CR"
"ALG10","ALG10",0,1,0.515292849909666,"NotCR"
"ALG10B","ALG10B",0,0,0.173505551569373,"NotCR"
"AMD1","AMD1",0,1,0.689185949519937,"NotCR"
"AP1M1","AP1M1",0,0,0.268821413595384,"NotCR"
"APLP2","APLP2",0,1,0.512382401506711,"NotCR"
"ATG2B","ATG2B",0,1,0.762008121176276,"NotCR"
"ATG5","ATG5",1,1,0.8794859659579,"CR"
"ATP5F1A","ATP5F1A",0,0,0.324992466794119,"NotCR"
"BCAT1","BCAT1",0,0,0.466468236831666,"NotCR"
"BTRC","BTRC",0,0,0.0939081818051435,"NotCR"
"CDKN1A","CDKN1A",0,0,0.251258451879091,"NotCR"
"CYB5R1","CYB5R1",0,1,0.575319045156883,"NotCR"
"CYB5R3","CYB5R3",0,0,0.405180368562885,"NotCR"
"DBNL","DBNL",0,0,0.401347298985647,"NotCR"
"DCUN1D2","DCUN1D2",0,1,0.515161388867178,"NotCR"
"DEGS1","DEGS1",0,0,0.164781720410595,"NotCR"
"DENND6A","DENND6A",0,1,0.634662474812475,"NotCR"
"DNA2","DNA2",0,0,0.385752164508862,"NotCR"
"EEF1A2","EEF1A2",0,0,0.407182100686774,"NotCR"
"ELP3","ELP3",0,1,0.515721238393523,"NotCR"
"ERBB2","ERBB2",0,0,0.182436448325477,"NotCR"
"ERBB4","ERBB4",0,0,0.38935817935844,"NotCR"
"ERCC4","ERCC4",0,0,0.404176166965524,"NotCR"
"FEN1","FEN1",0,0,0.304462343466559,"NotCR"
"FGF23","FGF23",0,0,0.267899191155589,"NotCR"
"GNA14","GNA14",1,1,0.887237846199226,"CR"
"GNAI2","GNAI2",1,1,0.982579714823158,"CR"
"GNAQ","GNAQ",1,1,0.861671919988801,"CR"
"GPT","GPT",0,1,0.7285304261257,"NotCR"
"GPX1","GPX1",0,0,0.448664860955025,"NotCR"
"GSTP1","GSTP1",0,1,0.823235235003746,"NotCR"
"HOOK2","HOOK2",0,1,0.531225079977719,"NotCR"
"IFT172","IFT172",0,0,0.34801805545656,"NotCR"
"IFT22","IFT22",0,0,0.319871540996542,"NotCR"
"IFT57","IFT57",0,0,0.323485652565088,"NotCR"
"IMPA2","IMPA2",0,0,0.446637588287758,"NotCR"
"LSM7","LSM7",0,0,0.201999103328055,"NotCR"
"MAPK12","MAPK12",0,0,0.168809026830533,"NotCR"
"MAPK3","MAPK3",0,0,0.0335301065537232,"NotCR"
"MAPK9","MAPK9",0,0,0.193264100374149,"NotCR"
"MDH1","MDH1",0,1,0.804300891572557,"NotCR"
"MDH2","MDH2",1,0,0.471592227031357,"CR"
"MRPS5","MRPS5",0,0,0.483806484562033,"NotCR"
"NMT2","NMT2",0,0,0.465901894221109,"NotCR"
"NPAS2","NPAS2",0,0,0.30483976662768,"NotCR"
"NPC1","NPC1",0,0,0.475263283277003,"NotCR"
"PABPC1","PABPC1",0,0,0.200456095043302,"NotCR"
"PAK2","PAK2",0,0,0.0756385269276707,"NotCR"
"PDIA2","PDIA2",0,0,0.341078991517066,"NotCR"
"PIK3C3","PIK3C3",1,0,0.452018306539454,"CR"
"PIK3CA","PIK3CA",1,0,0.0552275632163458,"CR"
"POLE3","POLE3",0,0,0.290797533673688,"NotCR"
"POLR1B","POLR1B",0,0,0.429651574417805,"NotCR"
"PRDX3","PRDX3",1,1,0.629976127093626,"CR"
"PRELID3A","PRELID3A",0,1,0.517690221569991,"NotCR"
"PSMB5","PSMB5",0,0,0.0120844957694188,"NotCR"
"RAB6B","RAB6B",0,1,0.691247739567351,"NotCR"
"RHOT1","RHOT1",0,0,0.435870587524705,"NotCR"
"RPL13","RPL13",0,0,0.283648222705869,"NotCR"
"RPL17","RPL17",0,0,0.283648222705869,"NotCR"
"RPL35","RPL35",0,0,0.283648222705869,"NotCR"
"RRM2","RRM2",0,0,0.364261190905797,"NotCR"
"SDHA","SDHA",0,0,0.311778789100944,"NotCR"
"SERPINE1","SERPINE1",0,0,0.486583222943388,"NotCR"
"SGCG","SGCG",0,0,0.400756190174911,"NotCR"
"SGPL1","SGPL1",0,0,0.143462328978973,"NotCR"
"SGPP2","SGPP2",0,0,0.136451587379185,"NotCR"
"SLC13A1","SLC13A1",0,1,0.586395274368093,"NotCR"
"SLC13A3","SLC13A3",0,0,0.383088338502093,"NotCR"
"SLC20A2","SLC20A2",0,0,0.412878399937896,"NotCR"
"SLC25A20","SLC25A20",0,0,0.358042114851849,"NotCR"
"SLC25A31","SLC25A31",0,1,0.540703515688781,"NotCR"
"SLC25A6","SLC25A6",0,0,0.175502811322509,"NotCR"
"SLC27A6","SLC27A6",0,0,0.419789156936744,"NotCR"
"SLC6A4","SLC6A4",0,1,0.606938880861684,"NotCR"
"SMAD2","SMAD2",0,0,0.308696191058831,"NotCR"
"SMC4","SMC4",0,0,0.448914130209075,"NotCR"
"SOAT1","SOAT1",0,1,0.559382156418209,"NotCR"
"SOD2","SOD2",1,1,0.880386587739871,"CR"
"STX12","STX12",0,0,0.471154089582,"NotCR"
"SUCLA2","SUCLA2",0,0,0.269792455324678,"NotCR"
"TERT","TERT",0,0,0.486285192433814,"NotCR"
"TIMM17A","TIMM17A",0,0,0.316252282397891,"NotCR"
"TKTL2","TKTL2",0,0,0.363954269853657,"NotCR"
"TSC2","TSC2",1,1,0.901225156431651,"CR"
"UBD","UBD",0,1,0.515161388867178,"NotCR"
"UQCRC1","UQCRC1",0,1,0.659293565378628,"NotCR"
"UQCRC2","UQCRC2",0,1,0.689265278426622,"NotCR"
"USP2","USP2",0,0,0.446244791169991,"NotCR"
"VPS41","VPS41",0,1,0.511240180875324,"NotCR"
"WARS2","WARS2",0,0,0.34139758642915,"NotCR"
"XRCC5","XRCC5",0,0,0.389277253773067,"NotCR"
"YWHAB","YWHAB",0,0,0.0813822564037301,"NotCR"
"AKR1C4","AKR1C4",0,0,0.218948660051528,"NotCR"
"AKT3","AKT3",0,0,0.490632814398199,"NotCR"
"AP3B2","AP3B2",0,0,0.446100574001688,"NotCR"
"APOE","APOE",0,1,0.503831756164113,"NotCR"
"ARHGDIG","ARHGDIG",0,0,0.494268787661477,"NotCR"
"ASH2L","ASH2L",0,0,0.497997242179509,"NotCR"
"ATG2A","ATG2A",0,1,0.767413474762966,"NotCR"
"ATG4D","ATG4D",0,1,0.839633263559864,"NotCR"
"ATP6V0A4","ATP6V0A4",0,1,0.815774654137216,"NotCR"
"BANF1","BANF1",0,0,0.325809339207794,"NotCR"
"CERS4","CERS4",0,0,0.211559532737038,"NotCR"
"CHEK1","CHEK1",0,0,0.0991117777979052,"NotCR"
"CUL1","CUL1",0,0,0.108764647860704,"NotCR"
"CYP4X1","CYP4X1",1,0,0.144288764063115,"CR"
"DAGLB","DAGLB",0,0,0.464843345456832,"NotCR"
"DCUN1D5","DCUN1D5",0,0,0.485833049213492,"NotCR"
"DDX11","DDX11",0,0,0.485833049213492,"NotCR"
"DHRS3","DHRS3",0,0,0.393691686909986,"NotCR"
"DHX37","DHX37",0,0,0.150343902740015,"NotCR"
"DUSP12","DUSP12",0,0,0.493895177588008,"NotCR"
"DYNLL2","DYNLL2",0,0,0.23300244966452,"NotCR"
"ECI2","ECI2",0,0,0.391160841955122,"NotCR"
"EGFR","EGFR",0,0,0.273196524715301,"NotCR"
"EIF4A1","EIF4A1",0,0,0.103175206152357,"NotCR"
"EIF4A3","EIF4A3",0,0,0.121126445395839,"NotCR"
"EIF5B","EIF5B",0,0,0.344198820037395,"NotCR"
"ERO1A","ERO1A",0,0,0.326477768617695,"NotCR"
"EZH2","EZH2",0,1,0.516297413259012,"NotCR"
"FBP1","FBP1",0,1,0.775337372812052,"NotCR"
"FMO5","FMO5",1,1,0.870228341691873,"CR"
"GDF15","GDF15",0,0,0.322288944875125,"NotCR"
"GNAI1","GNAI1",1,1,0.980428346231498,"CR"
"GNAT1","GNAT1",1,1,0.736923999208844,"CR"
"GPD1","GPD1",0,0,0.446523719374413,"NotCR"
"GPX8","GPX8",0,0,0.436304958356199,"NotCR"
"GRB2","GRB2",0,0,0.165634374691367,"NotCR"
"HHAT","HHAT",0,0,0.451366498569224,"NotCR"
"HOOK1","HOOK1",0,0,0.499310339302603,"NotCR"
"HRAS","HRAS",0,0,0.179776525044746,"NotCR"
"HSPA2","HSPA2",0,0,0.405650739523196,"NotCR"
"HSPA9","HSPA9",0,0,0.475159096934622,"NotCR"
"IDH1","IDH1",0,0,0.236553424940552,"NotCR"
"ITPR2","ITPR2",0,0,0.322980931818413,"NotCR"
"KIF17","KIF17",0,0,0.297060762097092,"NotCR"
"LCP1","LCP1",0,0,0.459298634440772,"NotCR"
"LMNA","LMNA",0,0,0.468015130479014,"NotCR"
"LSM6","LSM6",0,0,0.172075500489132,"NotCR"
"MAT1A","MAT1A",1,1,0.534943533228935,"CR"
"MIF","MIF",0,0,0.353652480315351,"NotCR"
"MPV17L2","MPV17L2",0,0,0.486749430322676,"NotCR"
"MTHFD2L","MTHFD2L",0,0,0.368722222100549,"NotCR"
"NDUFS2","NDUFS2",1,0,0.403651352204846,"CR"
"NDUFV1","NDUFV1",0,0,0.462095325705382,"NotCR"
"OGDH","OGDH",0,0,0.302282211530693,"NotCR"
"PARVB","PARVB",0,0,0.4709363879274,"NotCR"
"PDHA2","PDHA2",0,1,0.634038302544715,"NotCR"
"PDIA3","PDIA3",0,0,0.434057201269053,"NotCR"
"PDP1","PDP1",0,1,0.505511975080143,"NotCR"
"PER2","PER2",0,0,0.457760978861093,"NotCR"
"PPP4R3B","PPP4R3B",1,1,0.507649714082854,"CR"
"PRDX1","PRDX1",1,1,0.840399657801833,"CR"
"PRKCD","PRKCD",0,0,0.187828053548048,"NotCR"
"PRKD1","PRKD1",0,0,0.36506125507013,"NotCR"
"PRKG2","PRKG2",0,0,0.434675212328658,"NotCR"
"PRMT1","PRMT1",0,0,0.465649983486711,"NotCR"
"PRPF19","PRPF19",0,0,0.172075500489132,"NotCR"
"PRPF38A","PRPF38A",0,0,0.172075500489132,"NotCR"
"PSMC2","PSMC2",0,0,0.00919348580764834,"NotCR"
"QRSL1","QRSL1",0,0,0.485768217175638,"NotCR"
"RAB6A","RAB6A",0,1,0.666069092630757,"NotCR"
"RALA","RALA",0,0,0.37260983188381,"NotCR"
"RBMXL2","RBMXL2",0,0,0.441506050319279,"NotCR"
"RCAN2","RCAN2",0,1,0.501589507468145,"NotCR"
"RGS7","RGS7",0,0,0.489063613793814,"NotCR"
"RPA1","RPA1",0,0,0.16777786664593,"NotCR"
"RPL31","RPL31",1,0,0.0322640183791225,"CR"
"RPS20","RPS20",0,0,0.0239463577389694,"NotCR"
"RPS4X","RPS4X",0,0,0.0239463577389694,"NotCR"
"RPS4Y1","RPS4Y1",0,0,0.0239463577389694,"NotCR"
"RPS6KB1","RPS6KB1",0,1,0.818249753719392,"NotCR"
"SCD5","SCD5",0,0,0.350805677693755,"NotCR"
"SIGLEC9","SIGLEC9",0,0,0.480417851444616,"NotCR"
"SIRT1","SIRT1",1,1,0.537650536269822,"CR"
"SLC2A10","SLC2A10",1,1,0.939906281033341,"CR"
"SOAT2","SOAT2",0,0,0.489751662885379,"NotCR"
"SOCS2","SOCS2",0,0,0.454489821874745,"NotCR"
"SRSF11","SRSF11",0,0,0.195806866584654,"NotCR"
"SUCLG1","SUCLG1",0,0,0.341137490569669,"NotCR"
"SUCLG2","SUCLG2",0,0,0.370488689579818,"NotCR"
"SUPT4H1","SUPT4H1",0,0,0.393469446425621,"NotCR"
"SYNJ2","SYNJ2",0,0,0.404658752392269,"NotCR"
"TAT","TAT",0,1,0.56554108277088,"NotCR"
"TSPAN8","TSPAN8",0,0,0.487155900242037,"NotCR"
"TUSC3","TUSC3",0,1,0.543497455188633,"NotCR"
"UPF2","UPF2",0,0,0.163703447438797,"NotCR"
"UQCRFS1","UQCRFS1",0,1,0.583882859601844,"NotCR"
"VPS37D","VPS37D",0,1,0.5480557008013,"NotCR"
"WDR26","WDR26",0,0,0.466950959156226,"NotCR"
"XDH","XDH",0,1,0.582524121858496,"NotCR"
"ACTR1A","ACTR1A",0,0,0.477762019442477,"NotCR"
"ADA","ADA",0,0,0.436007804525606,"NotCR"
"ADCY5","ADCY5",1,0,0.313216679037523,"CR"
"AGMO","AGMO",0,0,0.446073917221996,"NotCR"
"AGO2","AGO2",0,0,0.313992313866879,"NotCR"
"ALDH1B1","ALDH1B1",0,0,0.114319054899851,"NotCR"
"AP1S2","AP1S2",0,0,0.15401917533743,"NotCR"
"AP3B1","AP3B1",0,0,0.25130140753869,"NotCR"
"AP3M2","AP3M2",0,0,0.249487026688143,"NotCR"
"ARF1","ARF1",0,0,0.328098198913702,"NotCR"
"ATP10D","ATP10D",0,1,0.562183468981641,"NotCR"
"ATP2C2","ATP2C2",1,1,0.531573250990157,"CR"
"ATP5F1E","ATP5F1E",0,0,0.387957519303164,"NotCR"
"ATP5PB","ATP5PB",0,0,0.387957519303164,"NotCR"
"ATP6V0A1","ATP6V0A1",0,0,0.487116311379403,"NotCR"
"ATP6V0D2","ATP6V0D2",1,0,0.439148152723107,"CR"
"BAX","BAX",0,0,0.109857102625153,"NotCR"
"BCHE","BCHE",0,0,0.4599060784051,"NotCR"
"BECN1","BECN1",1,1,0.726345676529075,"CR"
"BRCA1","BRCA1",0,0,0.102982581093203,"NotCR"
"BUB3","BUB3",0,0,0.415995975714279,"NotCR"
"CANT1","CANT1",0,0,0.401762914852812,"NotCR"
"CBS","CBS",1,1,0.822018112014919,"CR"
"CBX1","CBX1",0,1,0.511064210890321,"NotCR"
"CCT4","CCT4",0,1,0.534989343485012,"NotCR"
"CCT8","CCT8",0,1,0.522655990690262,"NotCR"
"CD9","CD9",0,0,0.493348490133086,"NotCR"
"CEBPB","CEBPB",0,1,0.502125869791619,"NotCR"
"CERS5","CERS5",0,0,0.226490480004674,"NotCR"
"COQ3","COQ3",0,1,0.564252538912417,"NotCR"
"CTF1","CTF1",0,0,0.493588306206724,"NotCR"
"DBI","DBI",0,0,0.219034052828746,"NotCR"
"DCAF11","DCAF11",0,0,0.48383337353481,"NotCR"
"DDX18","DDX18",0,1,0.511854446988742,"NotCR"
"EIF2S3","EIF2S3",0,0,0.184970214939948,"NotCR"
"EPS8","EPS8",0,1,0.509586079621653,"NotCR"
"GDI1","GDI1",0,1,0.533983156727757,"NotCR"
"GDI2","GDI2",0,1,0.528364072722575,"NotCR"
"GHRH","GHRH",0,1,0.506024385336528,"NotCR"
"GNA13","GNA13",1,1,0.849669686661502,"CR"
"GOT2","GOT2",0,1,0.867176616246469,"NotCR"
"GSK3B","GSK3B",0,0,0.392288520422164,"NotCR"
"GTF2F1","GTF2F1",0,0,0.255909709620807,"NotCR"
"HSPA1A","HSPA1A",0,0,0.160036280824091,"NotCR"
"IDH3B","IDH3B",0,0,0.441518409361822,"NotCR"
"IDNK","IDNK",0,0,0.346714926905618,"NotCR"
"IDO2","IDO2",0,0,0.454633311686867,"NotCR"
"IFT140","IFT140",0,0,0.261106935923727,"NotCR"
"JUND","JUND",0,1,0.568644762496397,"NotCR"
"KYNU","KYNU",0,0,0.249774401662702,"NotCR"
"LIPA","LIPA",0,0,0.132348026860188,"NotCR"
"LTV1","LTV1",0,0,0.290052535796268,"NotCR"
"MAGT1","MAGT1",0,1,0.548893531291417,"NotCR"
"MAN1B1","MAN1B1",0,0,0.422484982024133,"NotCR"
"MAPK1","MAPK1",0,0,0.0655313067966914,"NotCR"
"MCM2","MCM2",0,0,0.171095605837908,"NotCR"
"MTHFD1L","MTHFD1L",0,0,0.344743737587594,"NotCR"
"NOS3","NOS3",0,1,0.609123138665309,"NotCR"
"NPC1L1","NPC1L1",0,0,0.493229137558101,"NotCR"
"NRAS","NRAS",0,0,0.208701093175075,"NotCR"
"P4HB","P4HB",0,0,0.320281738804435,"NotCR"
"PARP1","PARP1",0,0,0.203320011818712,"NotCR"
"PIK3CB","PIK3CB",0,1,0.817332722076049,"NotCR"
"PNMT","PNMT",0,0,0.422630549366447,"NotCR"
"POLR3A","POLR3A",0,0,0.426880867606051,"NotCR"
"POLR3B","POLR3B",0,0,0.426880867606051,"NotCR"
"PPFIBP1","PPFIBP1",0,1,0.502412354868504,"NotCR"
"PPP3CC","PPP3CC",0,0,0.166682378296765,"NotCR"
"PPP4R3A","PPP4R3A",1,1,0.535288351073049,"CR"
"PRDX2","PRDX2",1,1,0.61941966333586,"CR"
"PRKG1","PRKG1",0,0,0.48543016155476,"NotCR"
"PSMC4","PSMC4",0,0,0.00405679045339657,"NotCR"
"PTGES3","PTGES3",0,0,0.3950074000721,"NotCR"
"RAB10","RAB10",1,1,0.682886140507799,"CR"
"RBBP7","RBBP7",0,1,0.575025350892996,"NotCR"
"RDX","RDX",0,0,0.483614255320061,"NotCR"
"RNASEH2A","RNASEH2A",0,0,0.495639310598685,"NotCR"
"ROCK2","ROCK2",0,1,0.521928439394748,"NotCR"
"RPIA","RPIA",0,0,0.331999508317581,"NotCR"
"RPL10L","RPL10L",0,0,0.27321547023367,"NotCR"
"RPLP0","RPLP0",0,0,0.257871751541082,"NotCR"
"RPS3","RPS3",0,0,0.14073936713678,"NotCR"
"RPS6","RPS6",0,0,0.25022989973006,"NotCR"
"SDHC","SDHC",0,0,0.340816995074015,"NotCR"
"SEL1L","SEL1L",0,0,0.267837675165086,"NotCR"
"SLC12A1","SLC12A1",0,0,0.407381170412206,"NotCR"
"SLC2A13","SLC2A13",1,1,0.702732776714753,"CR"
"SLC2A6","SLC2A6",1,1,0.930147630472581,"CR"
"SLC36A2","SLC36A2",0,0,0.411740682795633,"NotCR"
"STAM2","STAM2",0,0,0.26492498982249,"NotCR"
"STK4","STK4",0,0,0.475671742131348,"NotCR"
"STX2","STX2",0,0,0.405921828491587,"NotCR"
"TAOK1","TAOK1",0,0,0.490080764926177,"NotCR"
"TELO2","TELO2",0,1,0.501430432835441,"NotCR"
"TIMM23","TIMM23",0,0,0.29040030684629,"NotCR"
"TRAM1","TRAM1",0,0,0.444646935754703,"NotCR"
"TWF1","TWF1",0,0,0.490876952726042,"NotCR"
"USP5","USP5",0,0,0.254883566866592,"NotCR"
"WDR5","WDR5",0,0,0.483777922748392,"NotCR"
"ABCC11","ABCC11",0,1,0.50559837257747,"NotCR"
"ACE2","ACE2",0,0,0.476294706145526,"NotCR"
"ATAD3B","ATAD3B",0,0,0.392447331012761,"NotCR"
"ATG4B","ATG4B",0,1,0.846145108038302,"NotCR"
"ATP1A2","ATP1A2",0,0,0.22875290024198,"NotCR"
"ATP5F1C","ATP5F1C",0,0,0.273808756146247,"NotCR"
"ATP5PO","ATP5PO",0,0,0.435256274485126,"NotCR"
"ATP6V1B2","ATP6V1B2",1,1,0.647162875248157,"CR"
"ATP7B","ATP7B",0,1,0.717099472590539,"NotCR"
"BECN2","BECN2",1,1,0.727911071497072,"CR"
"BRD2","BRD2",0,0,0.442973631104234,"NotCR"
"CBX3","CBX3",0,0,0.434320389316664,"NotCR"
"CHD3","CHD3",0,1,0.559486750849363,"NotCR"
"CYP2A6","CYP2A6",0,1,0.728332564578199,"NotCR"
"DCXR","DCXR",0,0,0.488967807463581,"NotCR"
"DIS3","DIS3",0,0,0.276275363103361,"NotCR"
"DPP4","DPP4",1,0,0.493625060746182,"CR"
"DYNLL1","DYNLL1",0,0,0.247286326383027,"NotCR"
"EIF3F","EIF3F",0,0,0.261002090436828,"NotCR"
"FIS1","FIS1",0,0,0.396441796265014,"NotCR"
"FOXM1","FOXM1",0,0,0.369407937953839,"NotCR"
"GHR","GHR",1,0,0.391630358381548,"CR"
"GNG12","GNG12",0,1,0.785281317775541,"NotCR"
"GPT2","GPT2",0,1,0.700776748033899,"NotCR"
"GPX5","GPX5",0,0,0.457718609441182,"NotCR"
"HCCS","HCCS",0,1,0.501745306347678,"NotCR"
"HCFC2","HCFC2",0,1,0.510143291715512,"NotCR"
"HDLBP","HDLBP",0,0,0.434764562618055,"NotCR"
"HIBADH","HIBADH",0,0,0.400173739444799,"NotCR"
"IDH3G","IDH3G",0,0,0.437493405253484,"NotCR"
"IFT52","IFT52",0,0,0.298743882499333,"NotCR"
"IFT80","IFT80",0,0,0.299593972543514,"NotCR"
"ING1","ING1",0,1,0.511145338212983,"NotCR"
"ITPR3","ITPR3",0,0,0.285438938672874,"NotCR"
"KL","KL",0,0,0.489474241003568,"NotCR"
"KRAS","KRAS",0,0,0.168405428629052,"NotCR"
"LIPF","LIPF",0,0,0.379125968250596,"NotCR"
"MAP2K1","MAP2K1",0,0,0.0438874169375,"NotCR"
"MAPK8","MAPK8",0,0,0.0491789362089655,"NotCR"
"MECR","MECR",0,0,0.19440337885305,"NotCR"
"MVK","MVK",0,0,0.367606665350527,"NotCR"
"NF1","NF1",0,0,0.290031383887724,"NotCR"
"NNMT","NNMT",0,0,0.364651833544582,"NotCR"
"PCMT1","PCMT1",0,0,0.483437866299097,"NotCR"
"PDP2","PDP2",0,0,0.490936285183855,"NotCR"
"PGAM5","PGAM5",0,1,0.520411123230346,"NotCR"
"PPFIA1","PPFIA1",0,0,0.407709729618359,"NotCR"
"PPP4C","PPP4C",0,1,0.55614395702444,"NotCR"
"PPP6C","PPP6C",0,0,0.453983936588592,"NotCR"
"PRKAA2","PRKAA2",1,1,0.826657295178757,"CR"
"PRKAB1","PRKAB1",0,1,0.851607595501749,"NotCR"
"PSMC3","PSMC3",0,0,0.0060614631785651,"NotCR"
"PTEN","PTEN",0,1,0.637433005674957,"NotCR"
"RBBP4","RBBP4",0,0,0.46547685798698,"NotCR"
"RCAN1","RCAN1",0,0,0.465691598636492,"NotCR"
"RCAN3","RCAN3",0,0,0.485490558196579,"NotCR"
"RCL1","RCL1",0,0,0.279943070240995,"NotCR"
"RGS12","RGS12",0,0,0.451322351010472,"NotCR"
"RIMS1","RIMS1",0,0,0.296529262498672,"NotCR"
"RPL12","RPL12",0,0,0.294525111158047,"NotCR"
"RPL30","RPL30",0,0,0.283140498977456,"NotCR"
"RPS11","RPS11",0,0,0.165740461492042,"NotCR"
"RPS18","RPS18",0,0,0.173547407540375,"NotCR"
"RPS23","RPS23",0,0,0.173547407540375,"NotCR"
"RPS27","RPS27",0,0,0.154553118070567,"NotCR"
"RPS7","RPS7",0,0,0.173547407540375,"NotCR"
"RRAGB","RRAGB",1,1,0.842295725029313,"CR"
"RRAGC","RRAGC",0,1,0.843940998420691,"NotCR"
"SBDS","SBDS",0,0,0.476510308303203,"NotCR"
"SCD","SCD",0,0,0.268719424667271,"NotCR"
"SHMT2","SHMT2",0,0,0.318023584025937,"NotCR"
"SIRT3","SIRT3",1,1,0.515121729712142,"CR"
"SIRT6","SIRT6",0,1,0.501197938311474,"NotCR"
"SLC25A14","SLC25A14",0,1,0.505564344588081,"NotCR"
"SLC25A2","SLC25A2",0,0,0.47572587178868,"NotCR"
"SLC25A29","SLC25A29",0,0,0.352852907992363,"NotCR"
"SLC2A3","SLC2A3",1,1,0.897168500043277,"CR"
"SLC2A5","SLC2A5",1,1,0.781288039400371,"CR"
"SLC66A1","SLC66A1",0,1,0.519313842429457,"NotCR"
"SMN2","SMN2",0,0,0.29507935810362,"NotCR"
"STK3","STK3",0,0,0.439419936831656,"NotCR"
"STX1B","STX1B",0,0,0.355520538410223,"NotCR"
"STX4","STX4",0,1,0.531131170826524,"NotCR"
"TAOK2","TAOK2",0,0,0.469523827703098,"NotCR"
"TBL1X","TBL1X",0,0,0.322133007669951,"NotCR"
"TCIRG1","TCIRG1",0,1,0.675461546819945,"NotCR"
"TIAL1","TIAL1",0,0,0.475559337437981,"NotCR"
"TP53BP1","TP53BP1",0,0,0.37184789354613,"NotCR"
"TP53I3","TP53I3",0,0,0.412861376730679,"NotCR"
"TPM1","TPM1",0,0,0.134871005184055,"NotCR"
"TPP2","TPP2",0,0,0.459959347360863,"NotCR"
"TUFM","TUFM",0,0,0.437334616044894,"NotCR"
"TXN","TXN",1,1,0.760145905813285,"CR"
"ULK2","ULK2",0,1,0.772888569112971,"NotCR"
"USP22","USP22",0,0,0.403640770397881,"NotCR"
"VANGL1","VANGL1",0,0,0.462430908120366,"NotCR"
"WDR5B","WDR5B",0,0,0.475955425796589,"NotCR"
"WIPI1","WIPI1",0,1,0.806723250055221,"NotCR"
"WWP1","WWP1",1,0,0.444888051855833,"CR"
"ACSS1","ACSS1",0,0,0.44831331861793,"NotCR"
"AGO3","AGO3",0,0,0.349490392368159,"NotCR"
"AGPAT5","AGPAT5",0,0,0.325799516328009,"NotCR"
"ALDH1A1","ALDH1A1",0,0,0.141014743976224,"NotCR"
"ALG3","ALG3",0,1,0.642028322120498,"NotCR"
"ARNTL","ARNTL",0,0,0.443171307239325,"NotCR"
"ATG9A","ATG9A",0,1,0.859959201945566,"NotCR"
"ATIC","ATIC",0,0,0.482976359962301,"NotCR"
"ATP6V1B1","ATP6V1B1",1,1,0.767145113300224,"CR"
"ATP6V1H","ATP6V1H",0,1,0.632610423350436,"NotCR"
"ATP8B1","ATP8B1",0,1,0.657915105538087,"NotCR"
"ATXN3L","ATXN3L",0,0,0.385405607459664,"NotCR"
"CALU","CALU",0,0,0.483245464222501,"NotCR"
"CAV1","CAV1",0,0,0.423209873548763,"NotCR"
"CCT6A","CCT6A",0,1,0.512452806327906,"NotCR"
"CCT6B","CCT6B",0,1,0.512452806327906,"NotCR"
"CDC14B","CDC14B",0,0,0.328477886998225,"NotCR"
"CERS2","CERS2",0,0,0.233078120367592,"NotCR"
"CHD1","CHD1",0,0,0.487170504035602,"NotCR"
"CHEK2","CHEK2",0,0,0.132859678387622,"NotCR"
"CNDP2","CNDP2",0,0,0.476507275428538,"NotCR"
"COQ5","COQ5",0,0,0.465286643172785,"NotCR"
"COQ7","COQ7",1,0,0.465286643172785,"CR"
"CRYAA","CRYAA",0,0,0.380377012808912,"NotCR"
"DCUN1D1","DCUN1D1",0,0,0.483245464222501,"NotCR"
"DGKI","DGKI",0,0,0.385807631994875,"NotCR"
"DLAT","DLAT",1,0,0.443306021383552,"CR"
"DLD","DLD",0,0,0.386701569663752,"NotCR"
"EEF1A1","EEF1A1",0,0,0.461848411312263,"NotCR"
"EIF2B4","EIF2B4",0,0,0.464578329539926,"NotCR"
"ELAVL1","ELAVL1",0,0,0.30182995803968,"NotCR"
"ERCC1","ERCC1",0,0,0.352447951398175,"NotCR"
"FABP3","FABP3",0,0,0.406278030633061,"NotCR"
"FADS3","FADS3",0,0,0.408398407805181,"NotCR"
"FIG4","FIG4",0,0,0.444688270875783,"NotCR"
"GABARAPL1","GABARAPL1",1,1,0.903552126594196,"CR"
"GH1","GH1",0,1,0.689391271843065,"NotCR"
"GLUD2","GLUD2",1,1,0.61329399280701,"CR"
"GNA15","GNA15",1,1,0.873562025398415,"CR"
"GNAT2","GNAT2",1,1,0.734255857264829,"CR"
"GPX4","GPX4",0,0,0.440258728204202,"NotCR"
"HSPA6","HSPA6",0,0,0.381229000734401,"NotCR"
"HUS1","HUS1",0,0,0.286431229615131,"NotCR"
"IDH3A","IDH3A",0,0,0.395946208791914,"NotCR"
"ITPR1","ITPR1",0,0,0.172583243031909,"NotCR"
"KCNA3","KCNA3",1,0,0.485064422184425,"CR"
"MRPS9","MRPS9",0,0,0.467647127273235,"NotCR"
"MSN","MSN",0,0,0.376774539537402,"NotCR"
"MSTN","MSTN",0,0,0.444198508901842,"NotCR"
"MTHFD2","MTHFD2",0,0,0.316891050284417,"NotCR"
"NAPA","NAPA",0,0,0.276817905165676,"NotCR"
"NCOR2","NCOR2",0,0,0.430819229022106,"NotCR"
"NDUFA5","NDUFA5",0,1,0.689596708062321,"NotCR"
"NDUFS4","NDUFS4",0,1,0.696951587966508,"NotCR"
"NME1","NME1",0,0,0.392623430031961,"NotCR"
"NOP58","NOP58",0,0,0.297188994384155,"NotCR"
"OPA1","OPA1",0,0,0.324063829203289,"NotCR"
"PABPC4","PABPC4",0,0,0.460179330712878,"NotCR"
"PARK7","PARK7",0,0,0.355950447075644,"NotCR"
"PPP3CB","PPP3CB",0,0,0.15389878408114,"NotCR"
"PRDX5","PRDX5",0,1,0.532632622405194,"NotCR"
"PRKACA","PRKACA",0,0,0.121567804011063,"NotCR"
"PRPS2","PRPS2",0,0,0.292249105967851,"NotCR"
"PSMD14","PSMD14",0,0,0.00956399387195215,"NotCR"
"RAB5C","RAB5C",1,1,0.776100476990604,"CR"
"RACK1","RACK1",0,0,0.482919128171271,"NotCR"
"RAD50","RAD50",0,0,0.213979593749357,"NotCR"
"RHEB","RHEB",1,1,0.908293544394979,"CR"
"RPL23","RPL23",0,0,0.252261913729073,"NotCR"
"RPL7","RPL7",0,0,0.269870457196899,"NotCR"
"RPS16","RPS16",0,0,0.139550635976383,"NotCR"
"RPS6KB2","RPS6KB2",0,1,0.829209443450145,"NotCR"
"SACM1L","SACM1L",0,0,0.384098788694304,"NotCR"
"SCO1","SCO1",0,1,0.642244668627013,"NotCR"
"SGPP1","SGPP1",0,0,0.277977773688393,"NotCR"
"SLC16A12","SLC16A12",0,0,0.390975368123287,"NotCR"
"SLC16A3","SLC16A3",0,0,0.422043056273044,"NotCR"
"SLC25A32","SLC25A32",0,0,0.365342369136232,"NotCR"
"SLC25A47","SLC25A47",0,1,0.507112333471357,"NotCR"
"SLC27A1","SLC27A1",0,1,0.642801315344837,"NotCR"
"SLC27A4","SLC27A4",0,0,0.447320171168938,"NotCR"
"SLC2A7","SLC2A7",1,1,0.936621427482624,"CR"
"SLC32A1","SLC32A1",0,0,0.368600057953118,"NotCR"
"SLC36A4","SLC36A4",0,0,0.446501969006945,"NotCR"
"SNAP25","SNAP25",0,0,0.255266799625807,"NotCR"
"SQSTM1","SQSTM1",0,1,0.74657292109773,"NotCR"
"STUB1","STUB1",0,0,0.360727630954249,"NotCR"
"TALDO1","TALDO1",0,0,0.315819796075141,"NotCR"
"TIMM17B","TIMM17B",0,0,0.293099925436117,"NotCR"
"TKT","TKT",0,0,0.317174130894474,"NotCR"
"TM7SF2","TM7SF2",0,0,0.422410253926514,"NotCR"
"TRNT1","TRNT1",0,0,0.300837805389344,"NotCR"
"UCP2","UCP2",0,1,0.522672628471528,"NotCR"
"UGCG","UGCG",0,0,0.255152588676185,"NotCR"
"VCL","VCL",0,0,0.178683368092154,"NotCR"
"VCP","VCP",0,0,0.298219709649133,"NotCR"
"ZDHHC17","ZDHHC17",0,0,0.453051652738042,"NotCR"
"ZDHHC2","ZDHHC2",0,0,0.483245464222501,"NotCR"
"ZMPSTE24","ZMPSTE24",0,0,0.47394188615974,"NotCR"
"ABCC5","ABCC5",0,1,0.693443626790242,"NotCR"
"ACSS2","ACSS2",0,1,0.588520111763822,"NotCR"
"AGO1","AGO1",0,0,0.344412001073266,"NotCR"
"AHCYL1","AHCYL1",0,1,0.779822777786845,"NotCR"
"AKR1A1","AKR1A1",0,0,0.319854238666344,"NotCR"
"AKR1B10","AKR1B10",0,0,0.347207394217347,"NotCR"
"AP3D1","AP3D1",0,0,0.411977151644248,"NotCR"
"APRT","APRT",0,0,0.461215786293236,"NotCR"
"ARPC2","ARPC2",0,1,0.590985938406964,"NotCR"
"ATG3","ATG3",0,1,0.885615643648216,"NotCR"
"ATP2A3","ATP2A3",0,0,0.336498736014973,"NotCR"
"ATP2C1","ATP2C1",1,1,0.517925560449005,"CR"
"ATP7A","ATP7A",0,1,0.526566891564685,"NotCR"
"CASP2","CASP2",0,0,0.384177009205721,"NotCR"
"CDS2","CDS2",0,0,0.296768003889091,"NotCR"
"CERS3","CERS3",0,0,0.218173461469217,"NotCR"
"CERS6","CERS6",0,0,0.218173461469217,"NotCR"
"COX4I2","COX4I2",0,1,0.674879828615443,"NotCR"
"CS","CS",0,0,0.262593730900581,"NotCR"
"CYB5R2","CYB5R2",0,1,0.524144722488668,"NotCR"
"CYP2F1","CYP2F1",0,0,0.221108292415038,"NotCR"
"DDX39A","DDX39A",0,0,0.279475511094474,"NotCR"
"DENND6B","DENND6B",0,1,0.524805381775704,"NotCR"
"EIF2AK4","EIF2AK4",1,1,0.558642987442391,"CR"
"EIF2B5","EIF2B5",0,0,0.420819095232391,"NotCR"
"EIF4EBP2","EIF4EBP2",1,0,0.451410100991066,"CR"
"FN1","FN1",0,0,0.25901280627631,"NotCR"
"FXN","FXN",0,0,0.278677555502391,"NotCR"
"GAPDHS","GAPDHS",1,1,0.50656494874015,"CR"
"GCK","GCK",1,1,0.609401823480736,"CR"
"GCLM","GCLM",0,1,0.929466623541896,"NotCR"
"GNA11","GNA11",1,1,0.934602716333032,"CR"
"GNAS","GNAS",0,1,0.722947467470412,"NotCR"
"GOT1","GOT1",0,1,0.748087532808927,"NotCR"
"HNRNPA1","HNRNPA1",0,0,0.202486685595487,"NotCR"
"HNRNPA3","HNRNPA3",0,0,0.201801764209084,"NotCR"
"HOOK3","HOOK3",0,0,0.481581202430552,"NotCR"
"HSD17B4","HSD17B4",0,0,0.0717576620893644,"NotCR"
"HSPA1L","HSPA1L",0,0,0.233422838188009,"NotCR"
"HSPG2","HSPG2",0,0,0.378188314629688,"NotCR"
"IFT122","IFT122",0,0,0.240125736881366,"NotCR"
"ITGB1","ITGB1",0,0,0.326021019902307,"NotCR"
"KIN","KIN",0,0,0.473905279192667,"NotCR"
"MAN1C1","MAN1C1",0,0,0.352721417183055,"NotCR"
"MAPK11","MAPK11",0,0,0.235856331093432,"NotCR"
"MAT2A","MAT2A",1,1,0.849349532790575,"CR"
"MPC1","MPC1",0,1,0.737367806968613,"NotCR"
"MRPL1","MRPL1",0,0,0.455885332582579,"NotCR"
"MRPS33","MRPS33",0,0,0.469023280247059,"NotCR"
"MSH2","MSH2",0,0,0.288354511691854,"NotCR"
"MSH6","MSH6",0,0,0.442753678942272,"NotCR"
"MTCH1","MTCH1",0,0,0.452819821764664,"NotCR"
"NAALAD2","NAALAD2",0,0,0.483171671565196,"NotCR"
"NDUFS8","NDUFS8",0,1,0.678425994935627,"NotCR"
"NMT1","NMT1",0,0,0.297533713609156,"NotCR"
"NUP155","NUP155",0,0,0.184513718045156,"NotCR"
"NUP205","NUP205",0,0,0.184513718045156,"NotCR"
"PCK1","PCK1",1,1,0.655607189444575,"CR"
"PDHA1","PDHA1",0,1,0.727448195132803,"NotCR"
"PMS2","PMS2",0,0,0.426060511278346,"NotCR"
"PNPO","PNPO",0,0,0.455483953427092,"NotCR"
"POLR3D","POLR3D",0,0,0.416586210279112,"NotCR"
"PPFIA2","PPFIA2",0,0,0.413894267903818,"NotCR"
"PPP3CA","PPP3CA",0,0,0.148493341925515,"NotCR"
"PRELID1","PRELID1",0,0,0.479259172593756,"NotCR"
"PRKAG1","PRKAG1",0,1,0.83410431768397,"NotCR"
"PRKAR1B","PRKAR1B",0,0,0.308871458402971,"NotCR"
"PRKN","PRKN",0,0,0.429493234243658,"NotCR"
"PRKX","PRKX",0,0,0.457732796073469,"NotCR"
"PSMA4","PSMA4",0,0,0.00892725778464172,"NotCR"
"PSMB8","PSMB8",0,0,0.00918998694498006,"NotCR"
"PSMC5","PSMC5",0,0,0.01089419213528,"NotCR"
"PYGB","PYGB",0,0,0.416176242222543,"NotCR"
"RAB7A","RAB7A",1,1,0.890384650232016,"CR"
"RPL35A","RPL35A",0,0,0.29200024609237,"NotCR"
"RPL37A","RPL37A",0,0,0.29200024609237,"NotCR"
"RPLP2","RPLP2",0,0,0.29200024609237,"NotCR"
"RPS12","RPS12",0,0,0.140882555753813,"NotCR"
"RPS8","RPS8",0,0,0.140882555753813,"NotCR"
"SGCD","SGCD",0,0,0.392241453362107,"NotCR"
"SHC1","SHC1",0,0,0.188523902582128,"NotCR"
"SIGLEC12","SIGLEC12",0,0,0.462005259947686,"NotCR"
"SLC13A2","SLC13A2",0,0,0.397906809531522,"NotCR"
"SLC15A2","SLC15A2",0,0,0.44794120341572,"NotCR"
"SLC16A10","SLC16A10",0,0,0.439473845816972,"NotCR"
"SLC25A5","SLC25A5",0,0,0.340960169497042,"NotCR"
"SLC2A9","SLC2A9",1,1,0.9403758739137,"CR"
"SMARCA1","SMARCA1",1,1,0.52411123163778,"CR"
"SNF8","SNF8",0,1,0.587492590800609,"NotCR"
"STAM","STAM",0,0,0.47524991387666,"NotCR"
"TAGLN2","TAGLN2",0,0,0.481634470732697,"NotCR"
"TCP1","TCP1",0,0,0.41090964835874,"NotCR"
"TIA1","TIA1",0,0,0.460273634104587,"NotCR"
"TOP1","TOP1",0,0,0.463207882957809,"NotCR"
"TPM2","TPM2",0,0,0.131827358390825,"NotCR"
"TRIT1","TRIT1",0,0,0.38040620271924,"NotCR"
"UQCRHL","UQCRHL",0,1,0.550765056416788,"NotCR"
"WASHC3","WASHC3",0,1,0.591678751526933,"NotCR"
"XPA","XPA",0,0,0.353150360329127,"NotCR"
"ACSL4","ACSL4",0,0,0.232926397640995,"NotCR"
"AGTR1","AGTR1",0,0,0.130854613065857,"NotCR"
"AIFM1","AIFM1",0,0,0.478760727524164,"NotCR"
"AK2","AK2",0,0,0.407666029602183,"NotCR"
"AKR1D1","AKR1D1",0,0,0.259900818962528,"NotCR"
"AKT1","AKT1",0,0,0.128562124672266,"NotCR"
"ALG12","ALG12",1,0,0.340908970674443,"CR"
"AP1M2","AP1M2",0,0,0.230715368213867,"NotCR"
"ARHGAP1","ARHGAP1",0,0,0.493909582956417,"NotCR"
"ARL8A","ARL8A",0,0,0.495594112254766,"NotCR"
"ARRB1","ARRB1",0,0,0.279904981132051,"NotCR"
"ATP2A2","ATP2A2",0,0,0.120979785535294,"NotCR"
"CBX5","CBX5",0,0,0.469830606031679,"NotCR"
"CCS","CCS",0,1,0.521069849609037,"NotCR"
"CERT1","CERT1",0,0,0.492234826112756,"NotCR"
"CHMP6","CHMP6",1,0,0.213691195527957,"CR"
"CLOCK","CLOCK",0,0,0.472140935367054,"NotCR"
"CLTC","CLTC",0,0,0.16164354196458,"NotCR"
"CNGA2","CNGA2",0,0,0.471381730293242,"NotCR"
"CTH","CTH",0,1,0.911882019671392,"NotCR"
"CYC1","CYC1",1,1,0.577324384011554,"CR"
"CYP2E1","CYP2E1",0,0,0.083714592730464,"NotCR"
"DICER1","DICER1",0,0,0.484460906224783,"NotCR"
"DNAJC15","DNAJC15",0,1,0.649210906547799,"NotCR"
"E4F1","E4F1",0,0,0.477397026627265,"NotCR"
"EIF4EBP1","EIF4EBP1",1,0,0.208885781448913,"CR"
"ELP1","ELP1",0,1,0.506560780464985,"NotCR"
"ERBB3","ERBB3",0,0,0.29774885042892,"NotCR"
"EXOSC5","EXOSC5",0,0,0.327731185735419,"NotCR"
"EZH1","EZH1",0,0,0.495952431135679,"NotCR"
"FABP12","FABP12",0,0,0.440404720508919,"NotCR"
"FBP2","FBP2",0,1,0.63237877229422,"NotCR"
"FBXO9","FBXO9",0,0,0.494038063434024,"NotCR"
"GABARAPL2","GABARAPL2",1,1,0.937024232683839,"CR"
"GART","GART",0,0,0.490420893928422,"NotCR"
"GNAI3","GNAI3",1,1,0.981347238930475,"CR"
"GNMT","GNMT",0,1,0.575864255306071,"NotCR"
"GTF2H1","GTF2H1",0,0,0.27784185171495,"NotCR"
"HNRNPD","HNRNPD",0,0,0.327236411458486,"NotCR"
"HNRNPDL","HNRNPDL",0,0,0.41334786079311,"NotCR"
"HSPA5","HSPA5",0,0,0.159790855137264,"NotCR"
"HTR1B","HTR1B",0,0,0.462969467304175,"NotCR"
"HUS1B","HUS1B",0,0,0.463244963926536,"NotCR"
"IGF1R","IGF1R",1,1,0.540326777468244,"CR"
"ILK","ILK",0,0,0.312932186113112,"NotCR"
"IRS2","IRS2",0,1,0.763996798430412,"NotCR"
"KDM4C","KDM4C",0,0,0.49900619248512,"NotCR"
"MAGOH","MAGOH",0,0,0.203865878627828,"NotCR"
"MAPK7","MAPK7",1,0,0.0730042010458439,"CR"
"MLXIPL","MLXIPL",0,1,0.524968805770674,"NotCR"
"MTOR","MTOR",1,1,0.714159145897224,"CR"
"NAPB","NAPB",0,0,0.499277591442186,"NotCR"
"NCBP2","NCBP2",0,0,0.190077144108919,"NotCR"
"NEIL1","NEIL1",0,0,0.459178430492098,"NotCR"
"PABPC3","PABPC3",0,0,0.430606468632387,"NotCR"
"PAK1","PAK1",0,0,0.0774739990500957,"NotCR"
"PAWR","PAWR",0,0,0.493173231903543,"NotCR"
"PEMT","PEMT",0,0,0.344545170965831,"NotCR"
"PGLS","PGLS",0,0,0.277650726129471,"NotCR"
"PPFIBP2","PPFIBP2",0,0,0.488014130995366,"NotCR"
"PRKAA1","PRKAA1",1,1,0.904092789586722,"CR"
"PRKAR1A","PRKAR1A",0,0,0.0777798877841951,"NotCR"
"PRKAR2A","PRKAR2A",0,0,0.33190590132792,"NotCR"
"PRKCQ","PRKCQ",0,0,0.299305680145637,"NotCR"
"PRKD3","PRKD3",0,0,0.275668946190473,"NotCR"
"PSMD11","PSMD11",0,0,0.00848094403928295,"NotCR"
"RHOT2","RHOT2",0,1,0.535578744761358,"NotCR"
"ROCK1","ROCK1",0,0,0.278532794143899,"NotCR"
"RPL10","RPL10",0,0,0.302912780334402,"NotCR"
"RPL19","RPL19",0,0,0.302912780334402,"NotCR"
"RPL26L1","RPL26L1",0,0,0.302912780334402,"NotCR"
"RPL7A","RPL7A",0,0,0.302912780334402,"NotCR"
"RPS15","RPS15",0,0,0.146481022020082,"NotCR"
"RPS21","RPS21",0,0,0.146481022020082,"NotCR"
"RPS3A","RPS3A",0,0,0.14379786152115,"NotCR"
"RPS4Y2","RPS4Y2",0,0,0.146481022020082,"NotCR"
"RRAGA","RRAGA",1,1,0.823528617880845,"CR"
"SIRT4","SIRT4",0,1,0.61825146369632,"NotCR"
"SIRT7","SIRT7",0,1,0.57631550549846,"NotCR"
"SLC12A2","SLC12A2",0,0,0.429664950200484,"NotCR"
"SLC16A7","SLC16A7",0,0,0.416857078738507,"NotCR"
"SLC20A1","SLC20A1",0,0,0.431820659598041,"NotCR"
"SLC25A15","SLC25A15",0,0,0.497088821052932,"NotCR"
"SLC7A5","SLC7A5",0,1,0.699031785645814,"NotCR"
"TDO2","TDO2",0,0,0.211644199084939,"NotCR"
"TERF2","TERF2",0,0,0.318851507898465,"NotCR"
"TGFB1","TGFB1",0,0,0.314767560768177,"NotCR"
"TOP3B","TOP3B",0,0,0.469506419539504,"NotCR"
"TP63","TP63",0,0,0.415217772562635,"NotCR"
"TRIM9","TRIM9",0,0,0.495910990596692,"NotCR"
"TSC1","TSC1",0,1,0.962076852948501,"NotCR"
"UCKL1","UCKL1",0,1,0.501479753474134,"NotCR"
"USP13","USP13",0,0,0.465939795446412,"NotCR"
"USP14","USP14",0,0,0.454812467142273,"NotCR"
"UTRN","UTRN",0,1,0.501279114250993,"NotCR"
"VPS37B","VPS37B",0,0,0.221442831728468,"NotCR"
"XPOT","XPOT",0,0,0.31440508513427,"NotCR"
"YARS2","YARS2",0,0,0.450795427118588,"NotCR"
"ACOX3","ACOX3",0,0,0.106206316397904,"NotCR"
"ADARB1","ADARB1",0,0,0.355288528169306,"NotCR"
"AKR1B1","AKR1B1",0,0,0.190092985715467,"NotCR"
"ALDH1A3","ALDH1A3",0,1,0.521596306347366,"NotCR"
"ALG5","ALG5",0,1,0.547311852539641,"NotCR"
"AMPD3","AMPD3",0,0,0.428562602215249,"NotCR"
"ARL8B","ARL8B",0,0,0.48697117905844,"NotCR"
"ATG7","ATG7",1,1,0.796270205279606,"CR"
"ATP1A1","ATP1A1",0,0,0.232962462462669,"NotCR"
"ATP6V0A2","ATP6V0A2",0,1,0.797826484431753,"NotCR"
"ATR","ATR",0,0,0.10663825066644,"NotCR"
"CBSL","CBSL",1,1,0.761069806325082,"CR"
"CDC6","CDC6",0,0,0.318788554817786,"NotCR"
"CEBPA","CEBPA",0,1,0.551461323492383,"NotCR"
"CNOT6","CNOT6",0,0,0.34071632612397,"NotCR"
"COX4I1","COX4I1",0,0,0.457301801179733,"NotCR"
"COX5B","COX5B",1,0,0.457277064579149,"CR"
"CSHL1","CSHL1",0,1,0.523507520105783,"NotCR"
"CYCS","CYCS",0,0,0.271329066952579,"NotCR"
"CYP2C18","CYP2C18",0,0,0.321865868132514,"NotCR"
"CYP2C9","CYP2C9",0,0,0.170757902453702,"NotCR"
"DAGLA","DAGLA",0,1,0.514500859346145,"NotCR"
"DDX39B","DDX39B",0,0,0.20771504362544,"NotCR"
"DECR2","DECR2",0,0,0.142590978784279,"NotCR"
"DEGS2","DEGS2",0,0,0.156913683154802,"NotCR"
"DMD","DMD",0,0,0.393158137401196,"NotCR"
"EIF1B","EIF1B",0,0,0.489800714308833,"NotCR"
"EIF5A2","EIF5A2",0,0,0.463856622656396,"NotCR"
"ELAVL2","ELAVL2",0,0,0.355288528169306,"NotCR"
"ERCC2","ERCC2",0,0,0.25842101136117,"NotCR"
"FABP9","FABP9",0,0,0.277892397858237,"NotCR"
"FADS2","FADS2",0,0,0.20548159555133,"NotCR"
"FGF21","FGF21",0,1,0.585612500944308,"NotCR"
"FH","FH",0,0,0.337683334058504,"NotCR"
"FMO4","FMO4",1,1,0.887248922415507,"CR"
"FZR1","FZR1",0,0,0.345745496396766,"NotCR"
"GATB","GATB",0,0,0.490055999094523,"NotCR"
"GDF11","GDF11",0,0,0.482755164492749,"NotCR"
"GNAL","GNAL",1,1,0.673148965233548,"CR"
"GNAO1","GNAO1",1,1,0.959476905408948,"CR"
"GNG7","GNG7",0,1,0.763998454129361,"NotCR"
"GPD2","GPD2",1,0,0.11485515033307,"CR"
"GYS2","GYS2",0,1,0.578177160543546,"NotCR"
"HELLS","HELLS",0,0,0.499456681116128,"NotCR"
"HNRNPA1L2","HNRNPA1L2",0,0,0.326134891995092,"NotCR"
"HPGDS","HPGDS",0,0,0.200874855141415,"NotCR"
"IDO1","IDO1",0,0,0.225016861735909,"NotCR"
"ISCA1","ISCA1",0,0,0.491254476918262,"NotCR"
"JAK1","JAK1",0,0,0.129276498252553,"NotCR"
"KRIT1","KRIT1",0,0,0.492741557714264,"NotCR"
"LBR","LBR",0,0,0.290172848699078,"NotCR"
"LRIG1","LRIG1",0,1,0.540587059566182,"NotCR"
"MAD2L1","MAD2L1",0,0,0.385377344219947,"NotCR"
"MAGOHB","MAGOHB",0,0,0.197594445319727,"NotCR"
"MAPK10","MAPK10",0,0,0.339903682750354,"NotCR"
"MGAT5","MGAT5",0,1,0.547311852539641,"NotCR"
"MLXIP","MLXIP",0,1,0.536642445590666,"NotCR"
"MRPL24","MRPL24",0,0,0.48251871170151,"NotCR"
"NDUFB7","NDUFB7",0,1,0.512974210210774,"NotCR"
"NPR1","NPR1",0,0,0.432073715409366,"NotCR"
"PCBP1","PCBP1",0,0,0.221111727120479,"NotCR"
"PDPK1","PDPK1",0,1,0.637226550950342,"NotCR"
"PEX16","PEX16",0,0,0.344623846313848,"NotCR"
"PHB2","PHB2",0,1,0.565416651953123,"NotCR"
"POLA1","POLA1",0,0,0.260301507230721,"NotCR"
"PPM1D","PPM1D",0,0,0.352022820741604,"NotCR"
"PRDX6","PRDX6",0,1,0.756922349495952,"NotCR"
"PSMC1","PSMC1",0,0,0.00811311452866133,"NotCR"
"PYGL","PYGL",0,1,0.540768627198146,"NotCR"
"PYGM","PYGM",0,0,0.496566276395686,"NotCR"
"QPRT","QPRT",0,0,0.239400272048792,"NotCR"
"RAB5B","RAB5B",1,1,0.858406795407267,"CR"
"RABGGTA","RABGGTA",0,0,0.48730242883379,"NotCR"
"RICTOR","RICTOR",0,1,0.521249856207103,"NotCR"
"RPS15A","RPS15A",0,0,0.138026838949189,"NotCR"
"SH3RF1","SH3RF1",0,0,0.493763306761096,"NotCR"
"SIGLEC7","SIGLEC7",0,0,0.490055999094523,"NotCR"
"SLC13A5","SLC13A5",0,0,0.460230248693693,"NotCR"
"SLC15A1","SLC15A1",0,0,0.485127879822987,"NotCR"
"SLC25A17","SLC25A17",0,0,0.13398630568123,"NotCR"
"SLC25A4","SLC25A4",0,0,0.110563782804549,"NotCR"
"SLC27A5","SLC27A5",0,0,0.340922074573062,"NotCR"
"SLC2A14","SLC2A14",1,1,0.9400823657819,"CR"
"SLC2A4","SLC2A4",1,1,0.966783783739407,"CR"
"SLC36A1","SLC36A1",0,0,0.473765023081779,"NotCR"
"SMARCA5","SMARCA5",1,0,0.340342992831243,"CR"
"SPTLC1","SPTLC1",0,0,0.139474453684268,"NotCR"
"SYMPK","SYMPK",0,0,0.346059488756027,"NotCR"
"THUMPD1","THUMPD1",0,0,0.338722748705777,"NotCR"
"TOPORS","TOPORS",0,0,0.491361348111624,"NotCR"
"TPM3","TPM3",0,0,0.421491245713228,"NotCR"
"TUT7","TUT7",0,0,0.355288528169306,"NotCR"
"UBE2M","UBE2M",0,0,0.393881069776989,"NotCR"
"UBE2N","UBE2N",0,0,0.202741287238921,"NotCR"
"UQCRB","UQCRB",0,0,0.455992943003598,"NotCR"
"VPS36","VPS36",0,1,0.535105914838148,"NotCR"
"WASHC1","WASHC1",0,1,0.534303833086849,"NotCR"
"XRCC6","XRCC6",0,0,0.321419463247407,"NotCR"
"ACHE","ACHE",0,0,0.305365522743429,"NotCR"
"ACLY","ACLY",0,0,0.25494638761995,"NotCR"
"ACSL3","ACSL3",0,0,0.286056266990317,"NotCR"
"ACTR1B","ACTR1B",0,1,0.5060909653162,"NotCR"
"AHCYL2","AHCYL2",0,1,0.552294077783881,"NotCR"
"AKR1C1","AKR1C1",0,0,0.224655611129042,"NotCR"
"AKR1C3","AKR1C3",0,0,0.168383508868844,"NotCR"
"AP3M1","AP3M1",0,0,0.453268845793134,"NotCR"
"APEX1","APEX1",0,0,0.491996706016335,"NotCR"
"ARIH2","ARIH2",0,1,0.519029298193455,"NotCR"
"ATP2A1","ATP2A1",0,1,0.534113567270051,"NotCR"
"ATP5F1B","ATP5F1B",0,0,0.229687864337379,"NotCR"
"BRK1","BRK1",0,1,0.516962908703137,"NotCR"
"BUD31","BUD31",0,0,0.21332734492468,"NotCR"
"CDK5","CDK5",0,0,0.352445693840545,"NotCR"
"CDK7","CDK7",0,0,0.178774337209098,"NotCR"
"CERS1","CERS1",0,0,0.201205090062565,"NotCR"
"CHMP2B","CHMP2B",0,1,0.758736439443502,"NotCR"
"CLTCL1","CLTCL1",0,0,0.324469861044598,"NotCR"
"COL1A1","COL1A1",0,1,0.58793062990448,"NotCR"
"CYP2A13","CYP2A13",0,0,0.175078772790082,"NotCR"
"CYP2A7","CYP2A7",0,0,0.215441042672451,"NotCR"
"CYP2C8","CYP2C8",0,0,0.112412311389495,"NotCR"
"DGAT1","DGAT1",0,0,0.272647209282998,"NotCR"
"DGKZ","DGKZ",0,0,0.385079367403787,"NotCR"
"DHX9","DHX9",0,0,0.33806778521854,"NotCR"
"EEF2","EEF2",0,1,0.55822792115876,"NotCR"
"EIF3B","EIF3B",0,0,0.246967858050376,"NotCR"
"ERN1","ERN1",1,1,0.640054143906758,"CR"
"FADS1","FADS1",0,0,0.278931647206045,"NotCR"
"FMO2","FMO2",1,1,0.796368323802797,"CR"
"FMO3","FMO3",1,1,0.782992953887177,"CR"
"GAPDH","GAPDH",1,1,0.821861439455675,"CR"
"GCLC","GCLC",1,1,0.535323903080472,"CR"
"GLUD1","GLUD1",1,1,0.83698183462476,"CR"
"GNAZ","GNAZ",1,1,0.9182984587763,"CR"
"GPX2","GPX2",0,1,0.528654773102331,"NotCR"
"GPX7","GPX7",0,0,0.340896057116814,"NotCR"
"HAT1","HAT1",0,1,0.502222703018442,"NotCR"
"HDAC1","HDAC1",1,1,0.55138383102734,"CR"
"HNRNPA2B1","HNRNPA2B1",0,0,0.305515986281309,"NotCR"
"IARS2","IARS2",0,0,0.449455453238121,"NotCR"
"JAK3","JAK3",0,0,0.116731290904916,"NotCR"
"LARS2","LARS2",0,0,0.438860507221666,"NotCR"
"MAPK14","MAPK14",0,0,0.166818988594846,"NotCR"
"MRPL2","MRPL2",0,0,0.495168595589072,"NotCR"
"MSRA","MSRA",0,1,0.557537228958657,"NotCR"
"NDUFS1","NDUFS1",0,1,0.627244810420557,"NotCR"
"NPR2","NPR2",0,0,0.436234784424513,"NotCR"
"NUP85","NUP85",0,0,0.217961388455113,"NotCR"
"PAPPA","PAPPA",0,1,0.519323949655318,"NotCR"
"PCBP2","PCBP2",0,0,0.343514794910289,"NotCR"
"PCSK2","PCSK2",0,1,0.511629433308196,"NotCR"
"PDIA4","PDIA4",0,0,0.220607405203242,"NotCR"
"PLAU","PLAU",0,0,0.495980014224664,"NotCR"
"POLR3C","POLR3C",0,0,0.432179793710805,"NotCR"
"POU1F1","POU1F1",0,1,0.513886806003641,"NotCR"
"PPFIA3","PPFIA3",0,0,0.430424644203043,"NotCR"
"PRKAR2B","PRKAR2B",0,0,0.223715181843946,"NotCR"
"PTPA","PTPA",0,1,0.55268449786049,"NotCR"
"RAB5A","RAB5A",1,1,0.687746400098331,"CR"
"RAD51","RAD51",0,0,0.196730616758722,"NotCR"
"RBBP5","RBBP5",0,1,0.524659697879068,"NotCR"
"RBM38","RBM38",0,1,0.510871390166471,"NotCR"
"RGS6","RGS6",0,0,0.488229382285975,"NotCR"
"RPL21","RPL21",0,0,0.32033227778277,"NotCR"
"RPL26","RPL26",0,0,0.32033227778277,"NotCR"
"RPL3","RPL3",0,0,0.32033227778277,"NotCR"
"RPL4","RPL4",0,0,0.278533532811579,"NotCR"
"RPL9","RPL9",0,0,0.32033227778277,"NotCR"
"RPS14","RPS14",0,0,0.139507241785634,"NotCR"
"RPS26","RPS26",0,0,0.157065525100052,"NotCR"
"RPSA","RPSA",0,0,0.159734053190583,"NotCR"
"RRAGD","RRAGD",0,1,0.87812071241318,"NotCR"
"RRM1","RRM1",0,0,0.314209045334752,"NotCR"
"SDHB","SDHB",0,0,0.439212141640445,"NotCR"
"SESN2","SESN2",0,1,0.593120023290336,"NotCR"
"SIGLEC8","SIGLEC8",0,1,0.519029298193455,"NotCR"
"SKP1","SKP1",0,0,0.0545278259828335,"NotCR"
"SLC16A13","SLC16A13",0,0,0.446783381895903,"NotCR"
"SLC25A16","SLC25A16",0,0,0.400415678214531,"NotCR"
"SLC2A1","SLC2A1",1,1,0.949901864301093,"CR"
"SNX3","SNX3",0,1,0.507417140344426,"NotCR"
"SOD1","SOD1",1,1,0.618182460297004,"CR"
"STX7","STX7",0,0,0.474598440036155,"NotCR"
"SURF1","SURF1",0,1,0.694286999941203,"NotCR"
"TBL1XR1","TBL1XR1",0,0,0.383039903440229,"NotCR"
"TMF1","TMF1",0,1,0.515802171353217,"NotCR"
"TOMM22","TOMM22",0,1,0.631145142252144,"NotCR"
"TOMM70","TOMM70",0,1,0.585296062719431,"NotCR"
"TRDMT1","TRDMT1",0,0,0.333474971825361,"NotCR"
"UBE2H","UBE2H",0,1,0.510806069782768,"NotCR"
"UCHL3","UCHL3",0,0,0.450325588526343,"NotCR"
"UQCRH","UQCRH",0,1,0.708467999142696,"NotCR"
"USP3","USP3",0,0,0.453528275615142,"NotCR"
"VPS33A","VPS33A",0,1,0.519647483354627,"NotCR"
"WDR59","WDR59",0,1,0.533032114231618,"NotCR"
"YPEL5","YPEL5",0,0,0.495451687882195,"NotCR"
"ABCC10","ABCC10",0,0,0.477568056588268,"NotCR"
"ACBD7","ACBD7",0,0,0.350759388775155,"NotCR"
"ACER3","ACER3",0,0,0.219214996663316,"NotCR"
"AFG3L2","AFG3L2",1,0,0.4773132623605,"CR"
"AKR1B15","AKR1B15",0,0,0.417805883523585,"NotCR"
"ALDH1A2","ALDH1A2",0,0,0.227755883260307,"NotCR"
"AP3S1","AP3S1",0,0,0.428593664479238,"NotCR"
"AP4B1","AP4B1",0,0,0.404530204465323,"NotCR"
"APP","APP",0,0,0.380446445318648,"NotCR"
"ARF3","ARF3",0,1,0.524746281813778,"NotCR"
"ARHGDIA","ARHGDIA",0,0,0.44804975093969,"NotCR"
"ARHGDIB","ARHGDIB",0,0,0.439390937436749,"NotCR"
"ARRB2","ARRB2",0,0,0.276565371220855,"NotCR"
"ATG4A","ATG4A",0,1,0.842188982144932,"NotCR"
"CAT","CAT",0,1,0.54445499329902,"NotCR"
"CDS1","CDS1",0,0,0.3199394643114,"NotCR"
"CISD2","CISD2",0,1,0.503637518645985,"NotCR"
"CLN3","CLN3",0,0,0.433920871123544,"NotCR"
"COQ2","COQ2",0,0,0.380260793203213,"NotCR"
"CSH1","CSH1",0,1,0.701594906459882,"NotCR"
"DNM1L","DNM1L",0,0,0.262200311516345,"NotCR"
"DYNC2H1","DYNC2H1",0,0,0.226245949104408,"NotCR"
"EEF1E1","EEF1E1",0,0,0.361106666438454,"NotCR"
"EIF3A","EIF3A",0,0,0.291316949691493,"NotCR"
"EIF3K","EIF3K",0,0,0.286793424152013,"NotCR"
"ELOC","ELOC",0,0,0.451399822611651,"NotCR"
"ERO1B","ERO1B",0,0,0.408928743669427,"NotCR"
"FABP7","FABP7",0,0,0.388096653052353,"NotCR"
"FBXW11","FBXW11",0,0,0.213244063362853,"NotCR"
"FOLH1","FOLH1",0,1,0.542680611486696,"NotCR"
"GABARAP","GABARAP",1,1,0.933968676422168,"CR"
"GIPC1","GIPC1",0,0,0.482224103635828,"NotCR"
"GLIPR1","GLIPR1",0,0,0.382616581103211,"NotCR"
"GNA12","GNA12",1,1,0.799618759254079,"CR"
"GNAT3","GNAT3",1,1,0.817446630709863,"CR"
"GYS1","GYS1",0,1,0.610580994097717,"NotCR"
"HDAC2","HDAC2",1,1,0.628184527559681,"CR"
"HSPA8","HSPA8",0,0,0.138761587216172,"NotCR"
"IDH2","IDH2",0,1,0.587311219543649,"NotCR"
"IFT88","IFT88",0,0,0.286262008095559,"NotCR"
"IGF1","IGF1",0,1,0.700274091672841,"NotCR"
"INMT","INMT",0,1,0.528183034589105,"NotCR"
"INSR","INSR",1,1,0.887968931218304,"CR"
"INSRR","INSRR",1,0,0.47442109472296,"CR"
"IRS1","IRS1",0,1,0.741339575697726,"NotCR"
"JAK2","JAK2",0,0,0.228209025694811,"NotCR"
"LONP1","LONP1",0,1,0.537506487644842,"NotCR"
"MAIP1","MAIP1",0,0,0.494677362779042,"NotCR"
"MAN1A1","MAN1A1",0,0,0.405484750760565,"NotCR"
"MAN1A2","MAN1A2",0,0,0.405484750760565,"NotCR"
"MAP2K2","MAP2K2",0,0,0.0653601537127994,"NotCR"
"MAP2K4","MAP2K4",0,0,0.289088517775796,"NotCR"
"NADSYN1","NADSYN1",0,1,0.529651463022842,"NotCR"
"NNT","NNT",0,0,0.451065336111623,"NotCR"
"NOB1","NOB1",0,0,0.244711504298934,"NotCR"
"OGDHL","OGDHL",0,0,0.45577383196433,"NotCR"
"PAK3","PAK3",0,0,0.149355360303425,"NotCR"
"PFAS","PFAS",0,0,0.265126472813298,"NotCR"
"PHB","PHB",0,0,0.310757778030632,"NotCR"
"PLCB4","PLCB4",0,1,0.805527282738639,"NotCR"
"POLG","POLG",0,0,0.40141618243515,"NotCR"
"PPAT","PPAT",1,0,0.434488381026333,"CR"
"PRKAB2","PRKAB2",0,1,0.797424769856631,"NotCR"
"PRKACB","PRKACB",0,0,0.397204847976327,"NotCR"
"PRKACG","PRKACG",0,0,0.42100920393197,"NotCR"
"PRPS1","PRPS1",0,0,0.282081987768992,"NotCR"
"RALB","RALB",0,0,0.378497543644594,"NotCR"
"RCN1","RCN1",0,0,0.48401487599367,"NotCR"
"RNGTT","RNGTT",0,0,0.249341334123082,"NotCR"
"RPL10A","RPL10A",0,0,0.257911745949234,"NotCR"
"RPL34","RPL34",0,0,0.257911745949234,"NotCR"
"RPLP1","RPLP1",0,0,0.257911745949234,"NotCR"
"SDHAF2","SDHAF2",0,1,0.547593404349019,"NotCR"
"SESN1","SESN1",0,0,0.414999937531524,"NotCR"
"SESN3","SESN3",0,0,0.487917351974999,"NotCR"
"SGK1","SGK1",0,1,0.505619441208892,"NotCR"
"SGTA","SGTA",0,0,0.365465805970892,"NotCR"
"SHMT1","SHMT1",0,0,0.493618773610248,"NotCR"
"SLC16A2","SLC16A2",0,0,0.366628010909803,"NotCR"
"SLC27A2","SLC27A2",0,0,0.115564195582512,"NotCR"
"SLC2A12","SLC2A12",1,1,0.93244429573671,"CR"
"SLC2A2","SLC2A2",1,1,0.982080875622551,"CR"
"SLC2A8","SLC2A8",1,1,0.93244429573671,"CR"
"SMAD3","SMAD3",0,0,0.203717020462537,"NotCR"
"SNAP23","SNAP23",0,1,0.510172788601615,"NotCR"
"SSRP1","SSRP1",0,0,0.386598790879622,"NotCR"
"STX1A","STX1A",0,0,0.176562181206006,"NotCR"
"SYNJ1","SYNJ1",0,0,0.382433208001262,"NotCR"
"TADA2B","TADA2B",0,0,0.356117532072191,"NotCR"
"TGFBR1","TGFBR1",0,0,0.253558835293768,"NotCR"
"TPM4","TPM4",0,0,0.431402298633452,"NotCR"
"TSPO","TSPO",0,0,0.465903405638317,"NotCR"
"UQCRQ","UQCRQ",0,1,0.673582695310612,"NotCR"
"VANGL2","VANGL2",0,0,0.44192221056281,"NotCR"
"VPS16","VPS16",0,0,0.444202946914014,"NotCR"
"VPS25","VPS25",0,1,0.587632314994999,"NotCR"
"WIPI2","WIPI2",0,1,0.835232479233361,"NotCR"
"YWHAE","YWHAE",0,0,0.22637320770344,"NotCR"
